{"cameraMode":{"drawMode":0,"name":"Shaded","section":"Shading Mode"},"sceneLighting":false,"audioPlay":false,"sceneViewState":{"m_AlwaysRefresh":false,"showFog":true,"showSkybox":true,"showFlares":true,"showImageEffects":true,"showParticleSystems":true,"showVisualEffectGraphs":true,"m_FxEnabled":true},"in2DMode":false,"pivot":{"x":41.45669937133789,"y":-2.4576497077941896,"z":3.0125741958618166},"rotation":{"x":-0.33183538913726809,"y":0.11363295465707779,"z":-0.040494516491889957,"w":-0.935747504234314},"size":31.818830490112306,"orthographic":false}