{"cameraMode":{"drawMode":0,"name":"Shaded","section":"Shading Mode"},"sceneLighting":false,"audioPlay":false,"sceneViewState":{"m_AlwaysRefresh":false,"showFog":true,"showSkybox":true,"showFlares":true,"showImageEffects":true,"showParticleSystems":true,"showVisualEffectGraphs":true,"m_FxEnabled":true},"in2DMode":false,"pivot":{"x":48.604698181152347,"y":2.1220009326934816,"z":-12.125874519348145},"rotation":{"x":0.01937086135149002,"y":0.35308027267456057,"z":0.007274989504367113,"w":-0.9354740381240845},"size":5.366025924682617,"orthographic":false}